state,buildings,nrelRes,resNonElHeating,resNonElWaterHeating,resNonElRange,nrelCom,comNonElHeating,comNonElWaterHeating,pctResNonElHeating,pctResNonElWaterHeating,pctComNonElHeating,pctComNonElWaterHeating,pctResNonElRange,pctRes,pctCom,weightedRes,weightedCom,weightedFossilBuildingsPct,weightedEleBuildingsPct
alabama,2455168,2300991,759680,593918,379462,87059,40238,36074,33.02,25.81,46.22,41.44,16.49,0.96,0.04,29.15,44.85,29.72,70.28
alaska,111042,0,0,0,0,7691,4307,3842,0.0,0.0,56.0,49.95,0.0,0.0,1.0,0.0,54.27,0.0,0.0
arizona,2738732,3033423,1159326,1261256,896175,98769,46599,41870,38.22,41.58,47.18,42.39,29.54,0.97,0.03,37.97,45.81,38.22,61.78
arkansas,1571198,1396742,666581,519741,445565,52428,33105,24664,47.72,37.21,63.14,47.04,31.9,0.96,0.04,43.12,58.54,43.68,56.32
california,11542912,14480600,10627954,11516813,8756128,480167,316830,242226,73.39,79.53,65.98,50.45,60.47,0.97,0.03,73.31,61.54,72.94,27.06
colorado,2185953,2377943,1823636,1720697,609561,102184,85101,47189,76.69,72.36,83.28,46.18,25.63,0.96,0.04,69.23,72.68,69.37,30.63
connecticut,1215624,1555692,1291280,1011730,557082,40928,33324,21403,83.0,65.03,81.42,52.29,35.81,0.97,0.03,72.61,73.1,72.62,27.38
delaware,357534,435220,281569,159959,132963,5447,3863,2259,64.7,36.75,70.92,41.47,30.55,0.99,0.01,53.44,62.5,53.55,46.45
district_of_columbia,77851,319162,180900,144317,128169,9523,6065,4899,56.68,45.22,63.69,51.45,40.16,0.97,0.03,51.75,60.19,51.99,48.01
florida,7263195,9530947,571211,950925,1094989,341227,33010,100185,5.99,9.98,9.67,29.36,11.49,0.97,0.03,7.68,15.3,7.94,92.06
georgia,3981792,4328739,1854417,1498419,1296578,159020,88335,70667,42.84,34.62,55.55,44.44,29.95,0.96,0.04,39.17,52.38,39.64,60.36
hawaii,252908,0,0,0,0,13695,7003,5674,0.0,0.0,51.14,41.44,0.0,0.0,1.0,0.0,48.37,0.0,0.0
idaho,942132,713509,458180,331020,196038,27010,19842,14553,64.21,46.39,73.46,53.88,27.48,0.96,0.04,55.17,67.87,55.63,44.37
illinois,5194010,5529695,4588358,3893014,3063446,105957,98752,63373,82.98,70.4,93.2,59.81,55.4,0.98,0.02,76.39,83.66,76.52,23.48
indiana,3379648,2948145,2069378,1592023,1208525,119600,103499,73844,70.19,54.0,86.54,61.74,40.99,0.96,0.04,62.49,79.45,63.16,36.84
iowa,2074904,1418692,1084392,843444,463226,42185,34507,23475,76.44,59.45,81.8,55.65,32.65,0.97,0.03,66.72,74.33,66.94,33.06
kansas,1614406,1299353,975398,850004,303519,69375,54864,39518,75.07,65.42,79.08,56.96,23.36,0.95,0.05,66.19,72.76,66.52,33.48
kentucky,2447682,2033299,945374,621671,424624,55263,36270,28828,46.49,30.57,65.63,52.16,20.88,0.97,0.03,39.31,61.78,39.91,60.09
louisiana,2173567,2093851,721835,821746,687774,49863,26262,20373,34.47,39.25,52.67,40.86,32.85,0.98,0.02,35.46,49.29,35.79,64.21
maine,758999,757157,705688,482148,239687,18631,15759,8401,93.2,63.68,84.58,45.09,31.66,0.98,0.02,78.13,73.3,78.01,21.99
maryland,1657199,2522007,1446445,1019299,827297,76234,51772,41529,57.35,40.42,67.91,54.48,32.8,0.97,0.03,50.05,64.07,50.46,49.54
massachusetts,2114602,2953695,2479368,2094104,1240063,81627,67887,44403,83.94,70.9,83.17,54.4,41.98,0.97,0.03,75.44,74.95,75.42,24.58
michigan,4982783,4732170,4279540,3378319,2366589,154099,146900,97540,90.44,71.39,95.33,63.3,50.01,0.97,0.03,80.62,86.18,80.8,19.2
minnesota,2914016,2480630,2039606,1530462,826036,73459,62171,41720,82.22,61.7,84.63,56.79,33.3,0.97,0.03,70.97,76.68,71.14,28.86
mississippi,1507496,1347795,561623,484924,237920,50851,26043,22135,41.67,35.98,51.21,43.53,17.65,0.96,0.04,37.24,49.02,37.67,62.33
missouri,3190076,2852018,1771410,1353598,639837,97135,69407,53284,62.11,47.46,71.45,54.86,22.43,0.97,0.03,53.49,66.71,53.92,46.08
montana,773199,512172,387031,290904,148101,21493,16721,13542,75.57,56.8,77.8,63.01,28.92,0.96,0.04,65.04,73.57,65.39,34.61
nebraska,1187234,848743,581303,516209,187712,37510,27942,19322,68.49,60.82,74.49,51.51,22.12,0.96,0.04,60.78,67.93,61.08,38.92
nevada,1006278,1249650,780369,781630,574239,36213,26742,17170,62.45,62.55,73.85,47.41,45.95,0.97,0.03,60.41,66.3,60.58,39.42
new_hampshire,577936,645892,590134,384255,212943,17211,14558,8025,91.37,59.49,84.59,46.63,32.97,0.97,0.03,76.1,73.74,76.04,23.96
new_jersey,2550308,3734569,3246113,2827544,2430926,89452,78288,49536,86.92,75.71,87.52,55.38,65.09,0.98,0.02,81.39,78.34,81.32,18.68
new_mexico,1037096,950168,756148,658760,413522,30733,27042,18098,79.58,69.33,87.99,58.89,43.52,0.97,0.03,72.51,79.68,72.74,27.26
new_york,4972497,8525525,7519093,6304261,5131058,216835,186768,112178,88.2,73.95,86.13,51.73,60.18,0.98,0.02,81.13,76.31,81.01,18.99
north_carolina,4678064,4638566,1600854,1036960,900717,159999,62547,63657,34.51,22.36,39.09,39.79,19.42,0.97,0.03,29.59,39.29,29.91,70.09
north_dakota,568213,364324,215970,136243,66608,9177,5381,4043,59.28,37.4,58.64,44.06,18.28,0.98,0.02,48.68,54.47,48.83,51.17
ohio,5544032,5360148,4056253,3388916,2095113,212055,188803,132095,75.67,63.22,89.03,62.29,39.09,0.96,0.04,67.99,81.39,68.5,31.5
oklahoma,2159894,1769139,1050079,972371,715023,83682,59771,41489,59.36,54.96,71.43,49.58,40.42,0.95,0.05,55.89,65.18,56.31,43.69
oregon,1873786,1775447,834109,614607,728647,62193,23154,25915,46.98,34.62,37.23,41.67,41.04,0.97,0.03,43.15,38.5,42.99,57.01
pennsylvania,4965213,5817823,4451106,3249897,2669856,159352,114743,76177,76.51,55.86,72.01,47.8,45.89,0.97,0.03,67.52,65.09,67.45,32.55
rhode_island,392581,482148,431688,374416,193263,10170,8832,5183,89.53,77.66,86.85,50.96,40.08,0.98,0.02,80.38,76.6,80.31,19.69
south_carolina,2299671,2282321,593413,444303,394600,83253,30209,26731,26.0,19.47,36.29,32.11,17.29,0.96,0.04,23.28,35.09,23.69,76.31
south_dakota,661311,390311,267440,180396,86287,8629,6345,4548,68.52,46.22,73.53,52.7,22.11,0.98,0.02,57.14,67.58,57.37,42.63
tennessee,3212306,2993559,1086915,735459,482148,127251,64907,55120,36.31,24.57,51.01,43.32,16.11,0.96,0.04,30.85,48.81,31.58,68.42
texas,10678921,10871425,4036826,4372387,3560733,390266,204436,159465,37.13,40.22,52.38,40.86,32.75,0.97,0.03,37.36,49.09,37.76,62.24
utah,1081586,1066479,921153,861105,281821,42787,39464,21853,86.37,80.74,92.23,51.07,26.43,0.96,0.04,77.47,80.47,77.59,22.41
vermont,351266,340103,323198,208906,122619,5092,4489,2365,95.03,61.42,88.16,46.45,36.05,0.99,0.01,79.26,76.24,79.21,20.79
virginia,3079351,3585459,1550898,1216851,864638,92779,42642,38416,43.26,33.94,45.96,41.41,24.12,0.97,0.03,38.53,44.66,38.69,61.31
washington,3128258,3089938,1301876,1102558,1061685,103229,35262,41327,42.13,35.68,34.16,40.03,34.36,0.97,0.03,39.55,35.84,39.43,60.57
west_virginia,1055625,921153,504351,258105,240443,14196,8820,6408,54.75,28.02,62.13,45.14,26.1,0.98,0.02,44.49,57.28,44.68,55.32
wisconsin,3173347,2759423,2328492,1611955,1137628,59203,54133,32772,84.38,58.42,91.44,55.35,41.23,0.98,0.02,72.5,81.13,72.68,27.32
wyoming,386518,278793,215466,173079,75186,11787,9589,5093,77.29,62.08,81.35,43.21,26.97,0.96,0.04,67.19,70.45,67.33,32.67
united_states,130099920,0,0,0,0,0,0,0,0.0,0.0,0.0,0.0,0.0,0.0,0.0,0.0,0.0,0.0,0.0
