state,total_gen_by_solar,total_gen_by_wind,current_solar,current_wind,perc_solar_target,perc_wind_target
AL,78211,64131,1323,0,2,0
AZ,67791,56517,21290,3150,31,6
AR,41153,35861,5316,176,13,0
CA,212238,198125,89417,15095,42,8
CO,53414,58987,7845,17017,15,29
CT,33298,34683,2416,12,7,0
DC,2771,2915,369,0,13,0
DE,8284,7966,393,5,5,0
FL,202623,153659,30122,0,15,0
GA,105524,90902,11800,0,11,0
ID,13857,16249,1938,2825,14,17
IL,101304,113386,8936,25109,9,22
IN,93713,88186,7062,10186,8,12
IA,35816,37450,1838,43573,5,116
KS,29775,28859,631,29221,2,101
KY,65638,57897,1805,0,3,0
LA,65275,51425,2783,0,4,0
ME,12332,15408,2833,2916,23,19
MD,41309,43003,2971,685,7,2
MA,44889,54981,6288,194,14,0
MI,106727,114964,3201,10125,3,9
MN,52713,61419,3454,14974,7,24
MS,52547,41346,2914,500,6,1
MO,70607,65960,2377,6483,3,10
MT,13526,14246,498,6232,4,44
NE,23755,23962,328,11677,1,49
NV,28492,24972,16185,351,57,1
NH,11324,13498,411,476,4,4
NJ,58909,66331,5413,20,9,0
NM,24039,21918,7106,14389,30,66
NY,123141,149734,9395,7068,8,5
NC,97968,89255,13021,936,13,1
ND,19948,17927,3,15395,0,86
OH,129220,130491,8631,2950,7,2
OK,52458,45780,985,37273,2,81
OR,35171,37873,3415,8965,10,24
PA,156721,152024,3148,3852,2,3
RI,10113,11049,1005,192,10,2
SC,50260,42763,3888,0,8,0
SD,8077,9933,459,12728,6,128
TN,57981,55740,1360,0,2,0
TX,344625,279851,71497,130136,21,47
UT,35671,34992,7724,794,22,2
VT,4490,5744,454,384,10,7
VA,83449,81069,9946,50,12,0
WA,50055,57494,1351,8081,3,14
WV,39048,32067,313,1991,1,6
WI,64900,69674,4401,1960,7,3
WY,23237,18851,537,12725,2,68
AK,2872,2729,29,124,1,5
HI,3579,3400,2594,579,72,17
