state,Cars_Private,Cars_Public,Cars_All,Buses_Private,Buses_Public,Buses_All,Trucks_Private,Trucks_Public,Trucks_All,Motorcycles_Private,Motorcycles_Public,Motorcycles_All,MotorVehicles_Private,MotorVehicles_Public,MotorVehicles_All,EV_Registration
alabama,1932886,4444,1937330,3246,123,3369,3572635,12996,3585631,129014,,129014,5637781,17563,5655344,13047
alaska,120421,2257,122678,8488,601,9089,514116,11599,525715,25530,10,25540,668555,14467,683022,2697
arizona,2254643,32888,2287531,5083,17534,22617,4024184,66285,4090469,290639,1375,292014,6574549,118082,6692631,89798
arkansas,892704,19065,911769,4657,6148,10805,2292346,51233,2343579,100497,,100497,3290204,76446,3366650,7108
california,12737763,241759,12979522,28069,68160,96229,16752902,360861,17113763,737824,13314,751138,30256558,684094,30940652,1256646
colorado,1341494,15032,1356526,4797,7805,12602,3684600,46491,3731091,176484,,176484,5207375,69328,5276703,90083
connecticut,1028325,474,1028799,9854,35,9889,1684267,4505,1688772,81996,,81996,2804442,5014,2809456,31557
delaware,146701,1792,148493,1904,1579,3483,266034,4390,270424,24607,87,24694,439246,7848,447094,8435
district_of_columbia,138559,11917,150476,2453,3034,5487,129193,13869,143062,3267,355,3622,273472,29175,302647,8066
florida,7113843,96271,7210114,22196,35272,57468,11617475,176659,11794134,631452,2912,634364,19384966,311114,19696080,254878
georgia,3154970,51640,3206610,10816,28565,39381,5738067,104056,5842123,221253,41,221294,9125106,184302,9309408,92368
hawaii,415330,6962,422292,1054,741,1795,804155,17356,821511,24181,374,24555,1244720,25433,1270153,25565
idaho,504204,6312,510516,1567,2515,4082,1419807,20749,1440556,74815,100,74915,2000393,29676,2030069,8501
illinois,3443638,70600,3514238,35404,3779,39183,6580751,146582,6727333,264596,677,265273,10324389,221638,10546027,99573
indiana,1752726,38382,1791108,10464,21897,32361,3981452,91939,4073391,203508,363,203871,5948150,152581,6100731,26101
iowa,998101,8893,1006994,3843,5324,9167,2621876,25446,2647322,192834,330,193164,3816654,39993,3856647,9031
kansas,592793,1993,594786,1272,162,1434,1309881,6989,1316870,94483,13,94496,1998429,9157,2007586,11271
kentucky,1431848,26811,1458659,151,15277,15428,2914155,57410,2971565,115807,80,115887,4461961,99578,4561539,11617
louisiana,1337616,32947,1370563,24228,9401,33629,2969301,77439,3046740,104991,513,105504,4436136,120300,4556436,8150
maine,305020,7453,312473,1184,464,1648,823735,21426,845161,47656,29,47685,1177595,29372,1206967,7377
maryland,1882459,25993,1908452,6965,8942,15907,2893645,48495,2942140,99009,97,99106,4882078,83527,4965605,72139
massachusetts,1690199,16515,1706714,10865,3038,13903,3194932,37430,3232362,140949,761,141710,5036945,57744,5094689,73768
michigan,2493266,970,2494236,2182,74,2256,6850142,10702,6860844,249465,,249465,9595055,11746,9606801,50284
minnesota,1592071,16971,1609042,14159,26,14185,4040621,47020,4087641,226544,,226544,5873395,64017,5937412,37050
mississippi,754721,2220,756941,2006,6499,8505,1411201,7181,1418382,30421,,30421,2198349,15900,2214249,3590
missouri,1644583,1131,1645714,22786,119,22905,3611893,8106,3619999,133801,,133801,5413063,9356,5422419,26861
montana,524624,602,525226,5409,220,5629,1490120,4351,1494471,447935,8,447943,2468088,5181,2473269,4608
nebraska,551466,9645,561111,3632,5374,9006,1343041,25261,1368302,50655,98,50753,1948794,40378,1989172,6920
nevada,832098,11001,843099,1167,6714,7881,1427942,22292,1450234,85715,1987,87702,2346922,41994,2388916,47361
new_hampshire,387846,3218,391064,1729,718,2447,902330,8561,910891,86178,30,86208,1378083,12527,1390610,9861
new_jersey,2251730,23325,2275055,22486,2731,25217,3762020,47802,3809822,146003,,146003,6182239,73858,6256097,134753
new_mexico,571192,18842,590034,2161,4852,7013,1230750,46059,1276809,56104,393,56497,1860207,70146,1930353,10276
new_york,6452828,21231,6474059,184779,10896,195675,13469243,57301,13526544,794796,24,794820,20901646,89452,20991098,131250
north_carolina,2963141,42508,3005649,9859,22624,32483,5546131,88423,5634554,189380,354,189734,8708511,153909,8862420,70164
north_dakota,211559,3730,215289,1142,2466,3608,798031,15596,813627,44145,21,44166,1054877,21813,1076690,959
ohio,3767531,38083,3805614,27986,7265,35251,7022748,80678,7103426,422378,26,422404,11240643,126052,11366695,50393
oklahoma,1055607,5507,1061114,1535,518,2053,2488103,17060,2505163,139357,30,139387,3684602,23115,3707717,22843
oregon,1291044,17941,1308985,9697,8486,18183,2741416,42837,2784253,142492,575,143067,4184649,69839,4254488,64361
pennsylvania,3331835,39746,3371581,50979,2810,53789,6753528,91146,6844674,341336,778,342114,10477678,134480,10612158,70154
rhode_island,304190,4509,308699,1824,373,2197,494038,8557,502595,25276,99,25375,825328,13538,838866,6396
south_carolina,1659552,60826,1720378,4735,9638,14373,3086803,118071,3204874,125073,453,125526,4876163,188988,5065151,20873
south_dakota,275993,6496,282489,1354,21750,23104,931133,22943,954076,146142,1112,147254,1354622,52301,1406923,1675
tennessee,2211560,41468,2253028,13967,7897,21864,4604748,91648,4696396,203210,1143,204353,7033485,142156,7175641,33221
texas,7184055,97558,7281613,15549,49536,65085,15701836,231681,15933517,324381,1805,326186,23225821,380580,23606401,230125
united_states,96058245,1355076,97413321,627494,468841,1096335,186871245,2883686,189754931,9227925,33324,9261249,292784909,4740927,297525836,3555445
utah,952444,18528,970972,1768,6258,8026,1930442,40920,1971362,255974,806,256780,3140628,66512,3207140,39998
vermont,162650,1581,164231,1103,1059,2162,468644,4912,473556,31396,31,31427,663793,7583,671376,7816
virginia,2794568,39296,2833864,8034,28545,36579,4844718,79754,4924472,189873,742,190615,7837193,148337,7985530,84936
washington,2476547,59372,2535919,4267,19987,24254,4637317,121262,4758579,200298,,200298,7318429,200621,7519050,152101
west_virginia,391085,7529,398614,106,54,160,1011669,21025,1032694,46809,853,47662,1449669,29461,1479130,2758
wisconsin,1594530,32421,1626951,11485,51,11536,3836626,82355,3918981,278835,473,279308,5721476,115300,5836776,24943
wyoming,157686,8421,166107,1048,905,1953,644502,35977,680479,28561,52,28613,831797,45355,877152,1139
